{
    "available_space": true,
    "size_max": 40.62082386016846,
    "size_mean": 9.469524220057897,
    "size_min": 1.337315559387207,
    "total_size": 662.8666954040527,
    "video_list": {
        "A Jako Pako- Nazi kon disfraz-XOr7axQrcX0.mp4": {
            "size": 3.865976333618164
        },
        "A Rocking Little Tune  -  Bill Haley and The Comets.-c5jo6fVL0cs.mp4": {
            "size": 5.566364288330078
        },
        "A Will Kill Ya--19H6J2k3nw.mp4": {
            "size": 5.349119186401367
        },
        "AFI -  Cure Icon Live -  Just like Heaven-4zWeh9q_ENU.mp4": {
            "size": 15.262747764587402
        },
        "AFI -  Cure Icon Live -  Just like Heaven.mp4": {
            "size": 15.262747764587402
        },
        "AFI-Cure_Icon_Live-Just_like_Heaven.mp4": {
            "size": 15.262747764587402
        },
        "ALEXIO - Tumba La Casa Remix ft. Daddy, Nicky Jam, Arcangel, \u00d1engo Flow, Zion, Farruko, De la Ghetto-Exgc-QKA22Q.mp4": {
            "size": 18.56435489654541
        },
        "ALIMA\u00d1A H.C.- 'Tu Estupidez' - Adelanto nuevo disco 'Odio y Ruido'-2gR2UOmTiM0.mp4": {
            "size": 7.008327484130859
        },
        "ALL SHALL PERISH - Eradication (OFFICIAL MUSIC VIDEO)-TFx85CfMvWI.mp4": {
            "size": 15.130936622619629
        },
        "AMOR DE ESTUDIANTE  ROBERTO JORDAN 1968-0-xWSfFv-CE.mp4": {
            "size": 9.546300888061523
        },
        "AQUELLA DESPEDIDA - ROSENDO CANTU Y SUS COMANDANTES DE CHINA-jEXp-bE0EnA.mp4": {
            "size": 7.189806938171387
        },
        "A_political - Free Trade In Death-YSOKluMcqqo.mp4": {
            "size": 4.005120277404785
        },
        "Aar\u00f3n Y Su Grupo Ilusi\u00f3n - Embrujo ft. Mariana Seoane-GweeV-KAeMg.mp4": {
            "size": 19.014683723449707
        },
        "Acada Instante-gCjQ5N13ays.mp4": {
            "size": 3.3169546127319336
        },
        "Action-6fsLgTNrqnk.mp4": {
            "size": 4.173542022705078
        },
        "Ac\u00e1 Entre Nos-fO5Jyv53Sms.mp4": {
            "size": 6.248907089233398
        },
        "Adios Amor - Conjunto Primavera.mp4": {
            "size": 8.134336471557617
        },
        "Adonais--JYF9dOGM-M.mp4": {
            "size": 5.118939399719238
        },
        "Afro tambu (Canto a Venus)-CsWghSa494Q.mp4": {
            "size": 2.8852081298828125
        },
        "Agitations tropicales.mp4": {
            "size": 8.980664253234863
        },
        "Agua bendita - A tu lado (letra)-ybAROeUbk2w.mp4": {
            "size": 6.781857490539551
        },
        "Ain't No Meaning-EQ8Ynd2d9yc.mp4": {
            "size": 7.5221967697143555
        },
        "Aisles - Upside Down (Official Music Video)-bf5rq6G0X28.mp4": {
            "size": 14.92257022857666
        },
        "Ajuste De Cuentas-BE7rfd84PZ8.mp4": {
            "size": 8.206167221069336
        },
        "Akaba Ya!!-MwY0pDTGHpY.mp4": {
            "size": 3.2108497619628906
        },
        "Alabina - Alabina (Original Version) - Official Video-mDhmKrW4F6Y.mp4": {
            "size": 19.699318885803223
        },
        "Alan y Roberto -El Bule De Agua  (Video Oficial)-VF82FIwK6V4.mp4": {
            "size": 14.061549186706543
        },
        "Albert Collins - Rory Gallagher - Boogie Jam (Live Audio)-2v-T8yxXGNk.mp4": {
            "size": 15.57550048828125
        },
        "All Dark Graves-IxvaRJWzK9I.mp4": {
            "size": 7.730145454406738
        },
        "Alton Ellis - Mr Soul Of Jamaica [1974]-cO73SPOVaoE.mp4": {
            "size": 40.62082386016846
        },
        "Alton Ellis - Rocksteady-9HhN3iNmFb8.mp4": {
            "size": 4.737847328186035
        },
        "Alton Ellis - True Loving-SK7FFME25n0.mp4": {
            "size": 5.483941078186035
        },
        "Alton Ellis - What Does It Take (To Win Your Love)--xEKhh1YcLM.mp4": {
            "size": 5.544424057006836
        },
        "America - A horse with no name (clip HQ)-Tm4BrZjY_Sg.mp4": {
            "size": 13.327964782714844
        },
        "America - Sister Golden Hair 1975 (1977, HQ)-3oNULFXLuMc.mp4": {
            "size": 12.116982460021973
        },
        "America - Today's The Day-vckHXe0lavY.mp4": {
            "size": 4.679664611816406
        },
        "America- Tin Man (w_ lyrics)-7uJL8er_tV0.mp4": {
            "size": 8.648455619812012
        },
        "Amor A La Ligera-aDEj38yiG-0.mp4": {
            "size": 5.401447296142578
        },
        "Amor Platonico-HuoJBkv3Jvc.mp4": {
            "size": 2.2153310775756836
        },
        "Amor de Mas-Qy1SOdEOAgk.mp4": {
            "size": 6.421136856079102
        },
        "Amor sucio - Robe con Capitan Kavernikola-j1TBXUjGnGE.mp4": {
            "size": 6.303859710693359
        },
        "Amour plastique.mp4": {
            "size": 7.3083391189575195
        },
        "Ancient Covenant-vZenVStOOP0.mp4": {
            "size": 9.527195930480957
        },
        "And The Angels Sing ~ Ziggy Elman & His Orchestra (1938)-exJCut2xMDk.mp4": {
            "size": 6.749303817749023
        },
        "Andate - Todos Tus Muertos (Version Dale Aborigen)-ULVtoFtFyWU.mp4": {
            "size": 8.993332862854004
        },
        "Andy Gibb - I Just Want to Be Your Everything-tA6L8-lxaA8.mp4": {
            "size": 4.681820869445801
        },
        "Angel Below -Underoath (w_ lyrics)-j2V-6qGAqdc.mp4": {
            "size": 6.090144157409668
        },
        "Angels and Devils-xq8k5zNhyOI.mp4": {
            "size": 8.020370483398438
        },
        "Anorando Tus Besos-R2BSWnW8f-4.mp4": {
            "size": 4.690289497375488
        },
        "Another Place Another Time-BCofrqq8RlY.mp4": {
            "size": 2.8451614379882812
        },
        "Antimilitar-CA6Yo7fXvog.mp4": {
            "size": 2.7229557037353516
        },
        "Any Colour You Like - Pink Floyd HD (Studio Quality)-bK7HJvmgFnM.mp4": {
            "size": 4.069568634033203
        },
        "Apatia No - Satira Tortutaurina-ZJnABly_lTw.mp4": {
            "size": 3.6416664123535156
        },
        "Arcade Fire - Intervention-ZO7ZWfvCjBE.mp4": {
            "size": 11.547807693481445
        },
        "Arcade Fire - Song on the Beach; Photograph-g_72RkQV25Y.mp4": {
            "size": 9.22449779510498
        },
        "Art Blakey & The Jazz Messengers, in 'Whisper Not', Live, 1958.-JN6vCdmOV-Q.mp4": {
            "size": 17.757122039794922
        },
        "Art Blakey and the Jazz Messengers - Ecaroh-b4AugBKYZ3s.mp4": {
            "size": 10.298636436462402
        },
        "Arturo Sandoval 'There Will Never Be Another You' _ Live Studio Session-z1nOfbQ_GwU.mp4": {
            "size": 32.767069816589355
        },
        "Atrapado-9ZPDzSuwMs8.mp4": {
            "size": 5.292922019958496
        },
        "Audioslave - I Am The Highway-cy2ZUGc2mSs.mp4": {
            "size": 21.9224853515625
        },
        "Audioslave - Show Me How to Live (Official Video)-vVXIK1xCRpY.mp4": {
            "size": 19.01769733428955
        },
        "Aunque Mal Paguen Ellas-Zw8HzckTrkc.mp4": {
            "size": 4.483090400695801
        },
        "Aunque con sangre lloremos - Poncho k-lnvyHtig8QQ.mp4": {
            "size": 3.865083694458008
        },
        "Auto Rojo - Vilma Palma e Vampiros (Video Oficial)-95kf6cCasfg.mp4": {
            "size": 19.219837188720703
        },
        "Ave de Paso (1967) Sandro-TjyRUeML6nc.mp4": {
            "size": 8.181148529052734
        },
        "Ay Carmela - Viva la Quinta Brigada - Rolando Alarcon-Fko5fYIBJFU.mp4": {
            "size": 7.528806686401367
        },
        "apatia no contra ti capitalismo-SqbelaD41m8.mp4": {
            "size": 4.419251441955566
        },
        "aquel consejo - pesado-kYJDpH7_4j8.mp4": {
            "size": 5.21343994140625
        },
        "\u00bfAhora Qui\u00e9n Se Queja--9dkL1dQtWQ8.mp4": {
            "size": 1.337315559387207
        },