{
    "available_space": true,
    "id": "a",
    "size_max": 40.62082386016846,
    "size_mean": 9.127614648001535,
    "size_min": 1.337315559387207,
    "total_size": 638.9330253601074
}