{
    "available_space": true,
    "id": "a",
    "size_max": 40.62082386016846,
    "size_mean": 9.298035012351143,
    "size_min": 1.337315559387207,
    "total_size": 669.4585208892822
}