{
    "available_space": true,
    "id": "a",
    "size_max": 40.62082386016846,
    "size_mean": 9.308729778636586,
    "size_min": 1.337315559387207,
    "total_size": 819.1682205200195
}